State,year,tot_n_FI,FI_rate_black,FI_rate_hispanic,FI_rate_white
AL,2021.00,108230.00,0.28000,0.10000,0.10000
AL,2021.00,107990.00,0.27000,0.13000,0.11000
AL,2021.00,117330.00,0.25000,0.14000,0.11000
AL,2021.00,115370.00,0.28000,0.12000,0.11000
AL,2021.00,98560.00,0.25000,0.12000,0.09000
AL,2021.00,85870.00,0.21000,0.10000,0.08000
AL,2021.00,113200.00,0.28000,0.12000,0.12000
AK,2021.00,78260.00,0.19000,0.13000,0.08000
AZ,2021.00,96960.00,0.19000,0.14000,0.09000
AZ,2021.00,85680.00,0.20000,0.14000,0.09000
AZ,2021.00,93530.00,0.17000,0.14000,0.10000
AZ,2021.00,88370.00,0.14000,0.13000,0.09000
AZ,2021.00,60460.00,0.14000,0.10000,0.06000
AZ,2021.00,72830.00,0.21000,0.13000,0.07000
AZ,2021.00,100990.00,0.23000,0.15000,0.12000
AZ,2021.00,68490.00,0.14000,0.12000,0.07000
AZ,2021.00,84380.00,0.24000,0.14000,0.09000
AR,2021.00,130910.00,0.29000,0.19000,0.15000
AR,2021.00,110370.00,0.23000,0.17000,0.12000
AR,2021.00,116470.00,0.25000,0.15000,0.13000
AR,2021.00,109800.00,0.24000,0.17000,0.14000
CA,2021.00,91180.00,0.24000,0.15000,0.08000
CA,2021.00,77560.00,0.19000,0.13000,0.06000
CA,2021.00,77500.00,0.13000,0.12000,0.07000
CA,2021.00,65490.00,0.08000,0.12000,0.05000
CA,2021.00,70340.00,0.16000,0.11000,0.06000
CA,2021.00,93040.00,0.21000,0.14000,0.08000
CA,2021.00,71670.00,0.17000,0.12000,0.05000
CA,2021.00,93940.00,0.24000,0.15000,0.09000
CA,2021.00,86480.00,0.17000,0.13000,0.06000
CA,2021.00,76110.00,0.13000,0.13000,0.07000
CA,2021.00,66540.00,0.16000,0.12000,0.03000
CA,2021.00,90190.00,0.25000,0.13000,0.06000
CA,2021.00,81430.00,0.19000,0.12000,0.05000
CA,2021.00,61760.00,0.12000,0.10000,0.03000
CA,2021.00,52970.00,0.14000,0.09000,0.03000
CA,2021.00,129090.00,0.28000,0.18000,0.11000
CA,2021.00,61750.00,0.16000,0.10000,0.04000
CA,2021.00,51370.00,0.16000,0.10000,0.02000
CA,2021.00,58700.00,0.12000,0.10000,0.03000
CA,2021.00,67500.00,0.13000,0.12000,0.06000
CA,2021.00,104060.00,0.25000,0.16000,0.09000
CA,2021.00,91220.00,0.18000,0.15000,0.07000
CA,2021.00,89320.00,0.22000,0.15000,0.09000
CA,2021.00,80030.00,0.19000,0.13000,0.07000
CA,2021.00,60590.00,0.20000,0.12000,0.05000
CA,2021.00,62310.00,0.13000,0.12000,0.05000
CA,2021.00,71630.00,0.14000,0.11000,0.05000
CA,2021.00,98940.00,0.22000,0.14000,0.11000
CA,2021.00,92680.00,0.21000,0.14000,0.11000
CA,2021.00,90170.00,0.17000,0.12000,0.07000
CA,2021.00,68720.00,0.19000,0.13000,0.07000
CA,2021.00,63700.00,0.14000,0.12000,0.07000
CA,2021.00,71330.00,0.20000,0.11000,0.05000
CA,2021.00,117010.00,0.31000,0.16000,0.11000
CA,2021.00,66960.00,0.17000,0.12000,0.07000
CA,2021.00,90030.00,0.20000,0.15000,0.08000
CA,2021.00,93060.00,0.20000,0.14000,0.08000
CA,2021.00,56750.00,0.14000,0.11000,0.06000
CA,2021.00,66860.00,0.11000,0.11000,0.04000
CA,2021.00,88190.00,0.23000,0.15000,0.11000
CA,2021.00,67280.00,0.15000,0.12000,0.07000
CA,2021.00,59480.00,0.05000,0.10000,0.04000
CA,2021.00,86320.00,0.20000,0.14000,0.06000
CA,2021.00,80650.00,0.17000,0.14000,0.10000
CA,2021.00,67230.00,0.12000,0.10000,0.04000
CA,2021.00,69300.00,0.17000,0.12000,0.08000
CA,2021.00,79690.00,0.22000,0.13000,0.06000
CA,2021.00,67700.00,0.13000,0.11000,0.05000
CA,2021.00,63390.00,0.18000,0.11000,0.04000
CA,2021.00,74360.00,0.21000,0.12000,0.06000
CA,2021.00,99370.00,0.24000,0.16000,0.09000
CA,2021.00,69550.00,0.17000,0.11000,0.05000
CA,2021.00,71570.00,0.18000,0.11000,0.07000
CO,2021.00,86630.00,0.17000,0.17000,0.07000
CO,2021.00,70120.00,0.11000,0.15000,0.07000
CO,2021.00,76640.00,0.16000,0.18000,0.08000
CO,2021.00,76730.00,0.15000,0.16000,0.05000
CO,2021.00,82880.00,0.12000,0.18000,0.07000
CO,2021.00,65310.00,0.11000,0.15000,0.05000
CO,2021.00,75340.00,0.12000,0.16000,0.06000
CT,2021.00,73710.00,0.20000,0.23000,0.06000
CT,2021.00,75270.00,0.22000,0.21000,0.07000
CT,2021.00,79190.00,0.22000,0.21000,0.07000
CT,2021.00,71040.00,0.21000,0.21000,0.05000
CT,2021.00,81100.00,0.22000,0.23000,0.07000
DE,2021.00,99530.00,0.18000,0.18000,0.08000
DC,2021.00,68900.00,0.19000,0.09000,0.00000
FL,2021.00,95680.00,0.20000,0.10000,0.08000
FL,2021.00,89900.00,0.19000,0.11000,0.09000
FL,2021.00,85800.00,0.22000,0.13000,0.09000
FL,2021.00,75330.00,0.15000,0.09000,0.06000
FL,2021.00,97890.00,0.23000,0.13000,0.11000
FL,2021.00,91490.00,0.19000,0.11000,0.08000
FL,2021.00,74850.00,0.19000,0.10000,0.07000
FL,2021.00,85150.00,0.16000,0.11000,0.07000
FL,2021.00,108610.00,0.16000,0.11000,0.08000
FL,2021.00,100120.00,0.20000,0.11000,0.07000
FL,2021.00,96780.00,0.18000,0.12000,0.09000
FL,2021.00,86940.00,0.14000,0.10000,0.08000
FL,2021.00,84650.00,0.21000,0.11000,0.08000
FL,2021.00,90430.00,0.24000,0.12000,0.08000
FL,2021.00,88910.00,0.18000,0.10000,0.08000
FL,2021.00,82380.00,0.16000,0.09000,0.07000
FL,2021.00,97770.00,0.18000,0.12000,0.08000
FL,2021.00,73870.00,0.15000,0.09000,0.07000
FL,2021.00,89480.00,0.19000,0.10000,0.07000
FL,2021.00,76690.00,0.19000,0.10000,0.10000
FL,2021.00,76640.00,0.16000,0.10000,0.07000
FL,2021.00,80290.00,0.17000,0.09000,0.07000
FL,2021.00,68900.00,0.16000,0.08000,0.07000
FL,2021.00,88360.00,0.22000,0.12000,0.09000
FL,2021.00,76310.00,0.17000,0.10000,0.07000
FL,2021.00,73730.00,0.21000,0.09000,0.07000
FL,2021.00,77420.00,0.20000,0.10000,0.07000
GA,2021.00,95980.00,0.19000,0.15000,0.08000
GA,2021.00,95510.00,0.23000,0.16000,0.10000
GA,2021.00,83000.00,0.17000,0.12000,0.07000
GA,2021.00,69300.00,0.14000,0.12000,0.07000
GA,2021.00,90450.00,0.21000,0.12000,0.07000
GA,2021.00,58460.00,0.16000,0.11000,0.03000
GA,2021.00,69710.00,0.13000,0.11000,0.04000
GA,2021.00,96160.00,0.20000,0.16000,0.08000
GA,2021.00,91690.00,0.18000,0.12000,0.08000
GA,2021.00,77050.00,0.17000,0.12000,0.07000
GA,2021.00,74080.00,0.13000,0.12000,0.06000
GA,2021.00,103160.00,0.20000,0.14000,0.09000
GA,2021.00,68750.00,0.13000,0.12000,0.08000
GA,2021.00,83360.00,0.14000,0.13000,0.09000
HI,2021.00,80070.00,,0.15000,0.07000
HI,2021.00,90900.00,,0.17000,0.08000
ID,2021.00,81620.00,,0.14000,0.07000
ID,2021.00,75020.00,,0.15000,0.08000
IL,2021.00,81760.00,0.19000,0.11000,0.05000
IL,2021.00,79520.00,0.16000,0.14000,0.08000
IL,2021.00,57340.00,0.16000,0.11000,0.06000
IL,2021.00,66650.00,0.21000,0.13000,0.08000
IL,2021.00,63200.00,0.16000,0.11000,0.06000
IL,2021.00,50620.00,0.13000,0.09000,0.04000
IL,2021.00,96610.00,0.24000,0.14000,0.07000
IL,2021.00,50850.00,0.16000,0.11000,0.06000
IL,2021.00,69080.00,0.19000,0.12000,0.06000
IL,2021.00,57790.00,0.18000,0.12000,0.05000
IL,2021.00,54700.00,0.14000,0.11000,0.05000
IL,2021.00,75550.00,0.20000,0.15000,0.09000
IL,2021.00,73100.00,0.25000,0.16000,0.09000
IL,2021.00,40670.00,0.04000,0.09000,0.04000
IL,2021.00,70210.00,0.25000,0.14000,0.08000
IL,2021.00,72040.00,0.21000,0.13000,0.08000
IL,2021.00,83600.00,0.27000,0.16000,0.09000
IL,2021.00,58000.00,0.21000,0.12000,0.07000
IN,2021.00,77080.00,0.21000,0.16000,0.09000
IN,2021.00,77670.00,0.23000,0.16000,0.10000
IN,2021.00,79160.00,0.24000,0.16000,0.09000
IN,2021.00,74970.00,0.18000,0.16000,0.10000
IN,2021.00,74240.00,0.17000,0.15000,0.08000
IN,2021.00,81590.00,0.20000,0.17000,0.11000
IN,2021.00,98270.00,0.22000,0.17000,0.12000
IN,2021.00,84280.00,0.23000,0.18000,0.11000
IN,2021.00,83220.00,0.20000,0.16000,0.10000
IA,2021.00,55290.00,,0.13000,0.07000
IA,2021.00,65030.00,,0.12000,0.08000
IA,2021.00,61920.00,,0.12000,0.06000
IA,2021.00,56050.00,,0.13000,0.07000
KS,2021.00,69410.00,0.25000,0.15000,0.09000
KS,2021.00,79770.00,0.24000,0.17000,0.09000
KS,2021.00,60030.00,0.21000,0.14000,0.06000
KS,2021.00,82220.00,0.25000,0.17000,0.09000
KY,2021.00,98080.00,0.22000,0.16000,0.13000
KY,2021.00,98090.00,0.19000,0.16000,0.12000
KY,2021.00,76130.00,0.21000,0.13000,0.10000
KY,2021.00,78760.00,0.20000,0.14000,0.10000
KY,2021.00,137940.00,0.22000,0.21000,0.17000
KY,2021.00,90770.00,0.21000,0.15000,0.12000
LA,2021.00,105120.00,0.21000,0.14000,0.09000
LA,2021.00,125430.00,0.23000,0.16000,0.11000
LA,2021.00,103240.00,0.22000,0.15000,0.10000
LA,2021.00,121280.00,0.24000,0.15000,0.11000
LA,2021.00,125690.00,0.25000,0.16000,0.11000
LA,2021.00,102350.00,0.17000,0.14000,0.08000
ME,2021.00,64200.00,,,0.09000
ME,2021.00,80090.00,,,0.12000
MD,2021.00,77510.00,0.20000,0.11000,0.05000
MD,2021.00,81340.00,0.18000,0.11000,0.07000
MD,2021.00,68600.00,0.17000,0.09000,0.05000
MD,2021.00,69610.00,0.14000,0.10000,0.03000
MD,2021.00,55330.00,0.08000,0.07000,0.04000
MD,2021.00,89090.00,0.17000,0.10000,0.07000
MD,2021.00,89850.00,0.22000,0.10000,0.05000
MD,2021.00,69640.00,0.17000,0.09000,0.03000
MA,2021.00,74770.00,0.23000,0.21000,0.06000
MA,2021.00,67600.00,0.20000,0.16000,0.06000
MA,2021.00,68420.00,0.16000,0.16000,0.05000
MA,2021.00,49570.00,0.17000,0.13000,0.04000
MA,2021.00,52500.00,0.19000,0.11000,0.05000
MA,2021.00,47920.00,0.18000,0.14000,0.04000
MA,2021.00,90690.00,0.21000,0.17000,0.09000
MA,2021.00,53950.00,0.18000,0.13000,0.05000
MA,2021.00,58610.00,0.20000,0.17000,0.05000
MI,2021.00,83580.00,0.30000,0.17000,0.10000
MI,2021.00,77510.00,0.26000,0.14000,0.09000
MI,2021.00,72830.00,0.27000,0.17000,0.08000
MI,2021.00,89800.00,0.24000,0.18000,0.11000
MI,2021.00,97930.00,0.28000,0.19000,0.11000
MI,2021.00,79990.00,0.29000,0.16000,0.10000
MI,2021.00,72980.00,0.24000,0.15000,0.09000
MI,2021.00,73790.00,0.26000,0.15000,0.08000
MI,2021.00,84430.00,0.25000,0.13000,0.09000
MI,2021.00,78150.00,0.21000,0.15000,0.09000
MI,2021.00,61410.00,0.20000,0.12000,0.07000
MI,2021.00,90380.00,0.23000,0.15000,0.11000
MI,2021.00,123050.00,0.28000,0.20000,0.15000
MI,2021.00,91990.00,0.24000,0.20000,0.10000
MN,2021.00,46470.00,0.29000,0.18000,0.05000
MN,2021.00,33640.00,0.19000,0.16000,0.03000
MN,2021.00,38440.00,0.21000,0.15000,0.03000
MN,2021.00,56540.00,0.26000,0.17000,0.05000
MN,2021.00,66880.00,0.28000,0.17000,0.06000
MN,2021.00,37630.00,0.24000,0.13000,0.04000
MN,2021.00,52780.00,0.31000,0.19000,0.06000
MN,2021.00,57620.00,0.32000,0.19000,0.07000
MS,2021.00,108310.00,0.23000,0.18000,0.11000
MS,2021.00,125570.00,0.27000,0.22000,0.11000
MS,2021.00,110090.00,0.24000,0.20000,0.11000
MS,2021.00,136630.00,0.29000,0.21000,0.13000
MO,2021.00,91390.00,0.26000,0.12000,0.10000
MO,2021.00,58600.00,0.19000,0.08000,0.06000
MO,2021.00,79330.00,0.21000,0.09000,0.08000
MO,2021.00,101390.00,0.28000,0.13000,0.11000
MO,2021.00,95520.00,0.26000,0.12000,0.10000
MO,2021.00,84390.00,0.23000,0.10000,0.09000
MO,2021.00,101860.00,0.29000,0.13000,0.11000
MO,2021.00,102690.00,0.34000,0.16000,0.12000
MT,2021.00,93720.00,,0.13000,0.08000
NE,2021.00,65560.00,0.28000,0.20000,0.09000
NE,2021.00,69440.00,0.30000,0.19000,0.08000
NE,2021.00,60670.00,0.30000,0.20000,0.09000
NV,2021.00,121960.00,0.28000,0.16000,0.14000
NV,2021.00,80280.00,0.20000,0.13000,0.08000
NV,2021.00,102580.00,0.16000,0.12000,0.08000
NV,2021.00,104720.00,0.19000,0.13000,0.09000
NH,2021.00,44400.00,,0.23000,0.07000
NH,2021.00,49540.00,,0.21000,0.07000
NJ,2021.00,70290.00,0.16000,0.18000,0.05000
NJ,2021.00,71060.00,0.20000,0.18000,0.05000
NJ,2021.00,51230.00,0.08000,0.12000,0.04000
NJ,2021.00,69960.00,0.12000,0.13000,0.04000
NJ,2021.00,49980.00,0.09000,0.11000,0.03000
NJ,2021.00,65490.00,0.13000,0.15000,0.05000
NJ,2021.00,44730.00,0.08000,0.11000,0.02000
NJ,2021.00,101320.00,0.21000,0.16000,0.07000
NJ,2021.00,90100.00,0.19000,0.15000,0.06000
NJ,2021.00,95230.00,0.19000,0.17000,0.07000
NJ,2021.00,47630.00,0.07000,0.10000,0.02000
NJ,2021.00,55420.00,0.14000,0.14000,0.04000
NM,2021.00,85630.00,0.23000,0.13000,0.08000
NM,2021.00,106830.00,0.20000,0.15000,0.10000
NM,2021.00,92760.00,0.22000,0.13000,0.08000
NY,2021.00,43720.00,0.08000,0.12000,0.03000
NY,2021.00,36830.00,0.05000,0.10000,0.02000
NY,2021.00,47070.00,0.09000,0.12000,0.02000
NY,2021.00,40850.00,0.05000,0.10000,0.01000
NY,2021.00,85590.00,0.09000,0.15000,0.08000
NY,2021.00,100660.00,0.17000,0.14000,0.07000
NY,2021.00,114010.00,0.24000,0.18000,0.11000
NY,2021.00,104520.00,0.18000,0.20000,0.10000
NY,2021.00,100640.00,0.19000,0.18000,0.08000
NY,2021.00,113330.00,0.23000,0.17000,0.09000
NY,2021.00,89080.00,0.19000,0.15000,0.06000
NY,2021.00,87620.00,0.23000,0.17000,0.06000
NY,2021.00,160200.00,0.25000,0.22000,0.11000
NY,2021.00,96430.00,0.19000,0.16000,0.09000
NY,2021.00,168940.00,0.29000,0.24000,0.20000
NY,2021.00,78230.00,0.15000,0.17000,0.04000
NY,2021.00,65860.00,0.09000,0.13000,0.05000
NY,2021.00,58420.00,0.13000,0.13000,0.04000
NY,2021.00,67800.00,0.16000,0.17000,0.06000
NY,2021.00,75190.00,0.23000,0.19000,0.06000
NY,2021.00,75030.00,0.20000,0.17000,0.07000
NY,2021.00,71560.00,0.28000,0.20000,0.07000
NY,2021.00,80270.00,0.23000,0.21000,0.08000
NY,2021.00,76330.00,0.25000,0.21000,0.07000
NY,2021.00,75260.00,0.23000,0.22000,0.05000
NY,2021.00,90510.00,0.21000,0.22000,0.07000
NY,2021.00,61210.00,0.14000,0.18000,0.05000
NC,2021.00,102020.00,0.24000,0.18000,0.09000
NC,2021.00,86620.00,0.18000,0.16000,0.06000
NC,2021.00,98720.00,0.23000,0.19000,0.09000
NC,2021.00,90900.00,0.20000,0.16000,0.07000
NC,2021.00,100130.00,0.23000,0.19000,0.10000
NC,2021.00,95830.00,0.21000,0.17000,0.08000
NC,2021.00,98830.00,0.22000,0.19000,0.09000
NC,2021.00,101510.00,0.21000,0.18000,0.09000
NC,2021.00,85760.00,0.23000,0.16000,0.06000
NC,2021.00,106680.00,0.23000,0.18000,0.09000
NC,2021.00,104330.00,0.23000,0.19000,0.10000
NC,2021.00,82030.00,0.19000,0.16000,0.07000
NC,2021.00,95520.00,0.23000,0.18000,0.08000
ND,2021.00,42290.00,,,0.04000
OH,2021.00,87500.00,0.26000,0.17000,0.09000
OH,2021.00,91150.00,0.20000,0.15000,0.11000
OH,2021.00,108860.00,0.24000,0.18000,0.12000
OH,2021.00,85560.00,0.24000,0.18000,0.10000
OH,2021.00,74540.00,0.24000,0.15000,0.09000
OH,2021.00,94460.00,0.21000,0.16000,0.12000
OH,2021.00,77900.00,0.26000,0.18000,0.09000
OH,2021.00,82290.00,0.19000,0.18000,0.10000
OH,2021.00,106760.00,0.29000,0.21000,0.12000
OH,2021.00,86470.00,0.24000,0.17000,0.11000
OH,2021.00,109360.00,0.26000,0.23000,0.12000
OH,2021.00,75470.00,0.18000,0.13000,0.08000
OH,2021.00,100100.00,0.27000,0.23000,0.12000
OH,2021.00,63490.00,0.19000,0.16000,0.08000
OH,2021.00,82600.00,0.16000,0.15000,0.10000
OH,2021.00,64780.00,0.22000,0.16000,0.08000
OK,2021.00,112820.00,0.26000,0.13000,0.11000
OK,2021.00,119160.00,0.24000,0.16000,0.14000
OK,2021.00,105080.00,0.22000,0.14000,0.11000
OK,2021.00,110320.00,0.23000,0.13000,0.11000
OK,2021.00,114260.00,0.25000,0.14000,0.11000
OR,2021.00,76590.00,0.22000,0.16000,0.08000
OR,2021.00,93910.00,0.24000,0.18000,0.10000
OR,2021.00,88030.00,0.26000,0.18000,0.09000
OR,2021.00,105870.00,0.23000,0.19000,0.12000
OR,2021.00,82860.00,0.22000,0.17000,0.09000
PA,2021.00,51740.00,0.15000,0.14000,0.05000
PA,2021.00,115780.00,0.23000,0.24000,0.11000
PA,2021.00,92760.00,0.22000,0.19000,0.10000
PA,2021.00,47650.00,0.15000,0.13000,0.05000
PA,2021.00,66390.00,0.21000,0.15000,0.06000
PA,2021.00,58090.00,0.20000,0.19000,0.05000
PA,2021.00,63740.00,0.18000,0.18000,0.06000
PA,2021.00,75790.00,0.19000,0.19000,0.09000
PA,2021.00,68610.00,0.17000,0.18000,0.08000
PA,2021.00,57440.00,0.22000,0.19000,0.06000
PA,2021.00,53290.00,0.17000,0.17000,0.06000
PA,2021.00,61760.00,0.29000,0.19000,0.09000
PA,2021.00,68080.00,0.22000,0.18000,0.08000
PA,2021.00,65690.00,0.25000,0.15000,0.08000
PA,2021.00,67720.00,0.31000,0.18000,0.09000
PA,2021.00,72370.00,0.29000,0.22000,0.09000
PA,2021.00,55220.00,0.20000,0.13000,0.06000
PA,2021.00,77010.00,0.26000,0.18000,0.08000
RI,2021.00,60530.00,0.20000,0.16000,0.07000
RI,2021.00,41600.00,0.17000,0.14000,0.06000
SC,2021.00,68300.00,0.15000,0.09000,0.06000
SC,2021.00,66400.00,0.16000,0.11000,0.06000
SC,2021.00,76580.00,0.19000,0.12000,0.08000
SC,2021.00,71150.00,0.20000,0.11000,0.06000
SC,2021.00,70020.00,0.18000,0.10000,0.07000
SC,2021.00,76480.00,0.21000,0.12000,0.10000
SC,2021.00,86420.00,0.21000,0.13000,0.08000
SD,2021.00,72900.00,,0.11000,0.07000
TN,2021.00,109010.00,0.23000,0.23000,0.12000
TN,2021.00,84650.00,0.22000,0.18000,0.10000
TN,2021.00,93380.00,0.22000,0.18000,0.11000
TN,2021.00,89190.00,0.18000,0.17000,0.10000
TN,2021.00,82810.00,0.20000,0.17000,0.09000
TN,2021.00,94430.00,0.18000,0.17000,0.10000
TN,2021.00,80650.00,0.18000,0.15000,0.09000
TN,2021.00,74390.00,0.20000,0.15000,0.09000
TN,2021.00,92460.00,0.24000,0.18000,0.12000
TX,2021.00,106580.00,0.24000,0.17000,0.09000
TX,2021.00,108240.00,0.20000,0.14000,0.06000
TX,2021.00,107140.00,0.19000,0.12000,0.06000
TX,2021.00,108710.00,0.23000,0.14000,0.08000
TX,2021.00,103380.00,0.25000,0.15000,0.08000
TX,2021.00,96170.00,0.19000,0.13000,0.07000
TX,2021.00,110950.00,0.25000,0.15000,0.07000
TX,2021.00,123110.00,0.22000,0.14000,0.07000
TX,2021.00,127510.00,0.24000,0.17000,0.12000
TX,2021.00,115460.00,0.19000,0.13000,0.06000
TX,2021.00,113530.00,0.21000,0.15000,0.08000
TX,2021.00,106660.00,0.24000,0.13000,0.07000
TX,2021.00,95530.00,0.27000,0.16000,0.09000
TX,2021.00,108620.00,0.24000,0.15000,0.08000
TX,2021.00,145910.00,0.16000,0.19000,0.08000
TX,2021.00,123510.00,0.22000,0.18000,0.10000
TX,2021.00,113290.00,0.26000,0.16000,0.10000
TX,2021.00,138900.00,0.27000,0.17000,0.09000
TX,2021.00,104440.00,0.26000,0.17000,0.09000
TX,2021.00,128300.00,0.24000,0.18000,0.11000
TX,2021.00,108900.00,0.24000,0.15000,0.07000
TX,2021.00,93290.00,0.14000,0.12000,0.05000
TX,2021.00,116860.00,0.17000,0.17000,0.07000
TX,2021.00,99750.00,0.24000,0.13000,0.07000
TX,2021.00,100710.00,0.21000,0.14000,0.07000
TX,2021.00,102720.00,0.17000,0.12000,0.06000
TX,2021.00,109750.00,0.25000,0.17000,0.09000
TX,2021.00,119260.00,0.17000,0.18000,0.08000
TX,2021.00,119300.00,0.27000,0.17000,0.13000
TX,2021.00,109740.00,0.23000,0.16000,0.10000
TX,2021.00,116790.00,0.21000,0.14000,0.07000
TX,2021.00,94520.00,0.23000,0.14000,0.06000
TX,2021.00,110050.00,0.29000,0.16000,0.13000
TX,2021.00,127530.00,0.27000,0.19000,0.10000
TX,2021.00,125170.00,0.24000,0.18000,0.11000
TX,2021.00,117630.00,0.22000,0.16000,0.10000
UT,2021.00,74100.00,,0.15000,0.08000
UT,2021.00,84140.00,,0.16000,0.10000
UT,2021.00,76550.00,,0.16000,0.09000
UT,2021.00,82190.00,,0.15000,0.08000
VT,2021.00,57150.00,,,0.09000
VA,2021.00,53260.00,0.11000,0.11000,0.04000
VA,2021.00,59000.00,0.18000,0.13000,0.06000
VA,2021.00,74260.00,0.20000,0.15000,0.07000
VA,2021.00,71710.00,0.19000,0.13000,0.06000
VA,2021.00,63100.00,0.17000,0.14000,0.07000
VA,2021.00,72570.00,0.22000,0.15000,0.07000
VA,2021.00,55680.00,0.14000,0.13000,0.04000
VA,2021.00,62690.00,0.18000,0.12000,0.03000
VA,2021.00,91530.00,0.21000,0.18000,0.10000
VA,2021.00,46260.00,0.06000,0.10000,0.02000
VA,2021.00,54210.00,0.11000,0.11000,0.03000
WA,2021.00,54850.00,0.14000,0.15000,0.05000
WA,2021.00,66960.00,0.16000,0.16000,0.08000
WA,2021.00,75840.00,0.20000,0.17000,0.08000
WA,2021.00,69950.00,0.22000,0.19000,0.08000
WA,2021.00,81240.00,0.26000,0.20000,0.09000
WA,2021.00,69980.00,0.22000,0.18000,0.08000
WA,2021.00,73130.00,0.24000,0.16000,0.07000
WA,2021.00,50620.00,0.15000,0.16000,0.05000
WA,2021.00,73810.00,0.24000,0.16000,0.07000
WA,2021.00,71790.00,0.19000,0.16000,0.08000
WV,2021.00,64480.00,0.23000,,0.12000
WV,2021.00,64360.00,0.21000,,0.11000
WV,2021.00,79880.00,0.23000,,0.14000
WI,2021.00,47500.00,0.25000,0.16000,0.05000
WI,2021.00,52350.00,0.23000,0.17000,0.05000
WI,2021.00,56390.00,0.25000,0.17000,0.07000
WI,2021.00,79130.00,0.26000,0.19000,0.08000
WI,2021.00,41040.00,0.21000,0.16000,0.04000
WI,2021.00,48810.00,0.28000,0.17000,0.05000
WI,2021.00,51620.00,0.21000,0.19000,0.06000
WI,2021.00,50540.00,0.27000,0.17000,0.05000
WY,2021.00,61200.00,,0.11000,0.10000
AL,2020.00,100850.00,0.29000,0.12000,0.09000
AL,2020.00,103190.00,0.28000,0.15000,0.10000
AL,2020.00,105410.00,0.26000,0.15000,0.11000
AL,2020.00,106310.00,0.28000,0.15000,0.11000
AL,2020.00,94840.00,0.26000,0.14000,0.09000
AL,2020.00,80700.00,0.22000,0.12000,0.08000
AL,2020.00,120070.00,0.29000,0.14000,0.12000
AK,2020.00,79670.00,0.20000,0.15000,0.07000
AZ,2020.00,109240.00,0.23000,0.17000,0.09000
AZ,2020.00,87540.00,0.22000,0.18000,0.09000
AZ,2020.00,93130.00,0.20000,0.18000,0.11000
AZ,2020.00,97360.00,0.16000,0.16000,0.10000
AZ,2020.00,66630.00,0.16000,0.14000,0.06000
AZ,2020.00,76260.00,0.22000,0.16000,0.07000
AZ,2020.00,109800.00,0.26000,0.18000,0.12000
AZ,2020.00,70810.00,0.17000,0.15000,0.07000
AZ,2020.00,88020.00,0.26000,0.17000,0.09000
AR,2020.00,121430.00,0.29000,0.21000,0.14000
AR,2020.00,103450.00,0.23000,0.19000,0.12000
AR,2020.00,106680.00,0.26000,0.17000,0.12000
AR,2020.00,112570.00,0.25000,0.20000,0.13000
CA,2020.00,84690.00,0.24000,0.18000,0.08000
CA,2020.00,68210.00,0.19000,0.16000,0.06000
CA,2020.00,69170.00,0.15000,0.15000,0.07000
CA,2020.00,58990.00,0.11000,0.14000,0.04000
CA,2020.00,57480.00,0.16000,0.14000,0.05000
CA,2020.00,91000.00,0.22000,0.17000,0.08000
CA,2020.00,66600.00,0.17000,0.14000,0.05000
CA,2020.00,88580.00,0.24000,0.17000,0.08000
CA,2020.00,76650.00,0.19000,0.16000,0.06000
CA,2020.00,74740.00,0.14000,0.16000,0.07000
CA,2020.00,54750.00,0.17000,0.14000,0.03000
CA,2020.00,74390.00,0.24000,0.15000,0.05000
CA,2020.00,71940.00,0.20000,0.15000,0.05000
CA,2020.00,45260.00,0.14000,0.13000,0.03000
CA,2020.00,42800.00,0.16000,0.12000,0.03000
CA,2020.00,114200.00,0.29000,0.20000,0.10000
CA,2020.00,47890.00,0.16000,0.12000,0.04000
CA,2020.00,41110.00,0.16000,0.13000,0.02000
CA,2020.00,47530.00,0.12000,0.13000,0.03000
CA,2020.00,57830.00,0.16000,0.15000,0.05000
CA,2020.00,96570.00,0.25000,0.19000,0.09000
CA,2020.00,81650.00,0.19000,0.18000,0.06000
CA,2020.00,90830.00,0.23000,0.18000,0.08000
CA,2020.00,58650.00,0.17000,0.15000,0.06000
CA,2020.00,55110.00,0.21000,0.15000,0.04000
CA,2020.00,49500.00,0.14000,0.14000,0.04000
CA,2020.00,59060.00,0.15000,0.14000,0.05000
CA,2020.00,87780.00,0.22000,0.16000,0.10000
CA,2020.00,74590.00,0.21000,0.17000,0.10000
CA,2020.00,70200.00,0.17000,0.15000,0.06000
CA,2020.00,70170.00,0.20000,0.16000,0.06000
CA,2020.00,53690.00,0.15000,0.14000,0.06000
CA,2020.00,57360.00,0.19000,0.13000,0.05000
CA,2020.00,105280.00,0.30000,0.19000,0.10000
CA,2020.00,59450.00,0.18000,0.15000,0.06000
CA,2020.00,88100.00,0.22000,0.18000,0.08000
CA,2020.00,80810.00,0.20000,0.17000,0.07000
CA,2020.00,44270.00,0.15000,0.14000,0.05000
CA,2020.00,47470.00,0.14000,0.13000,0.04000
CA,2020.00,79970.00,0.24000,0.17000,0.09000
CA,2020.00,63020.00,0.17000,0.15000,0.06000
CA,2020.00,49300.00,0.08000,0.13000,0.04000
CA,2020.00,72930.00,0.19000,0.16000,0.06000
CA,2020.00,72370.00,0.18000,0.16000,0.08000
CA,2020.00,50570.00,0.12000,0.12000,0.04000
CA,2020.00,62960.00,0.18000,0.15000,0.08000
CA,2020.00,69870.00,0.21000,0.16000,0.06000
CA,2020.00,56870.00,0.13000,0.13000,0.04000
CA,2020.00,50950.00,0.18000,0.14000,0.04000
CA,2020.00,59680.00,0.21000,0.14000,0.05000
CA,2020.00,93980.00,0.23000,0.18000,0.08000
CA,2020.00,57610.00,0.18000,0.14000,0.05000
CA,2020.00,67490.00,0.18000,0.14000,0.07000
CO,2020.00,74820.00,0.15000,0.18000,0.06000
CO,2020.00,63160.00,0.12000,0.16000,0.06000
CO,2020.00,79540.00,0.16000,0.20000,0.08000
CO,2020.00,63150.00,0.15000,0.18000,0.05000
CO,2020.00,78140.00,0.12000,0.18000,0.07000
CO,2020.00,55070.00,0.11000,0.16000,0.04000
CO,2020.00,60540.00,0.12000,0.17000,0.06000
CT,2020.00,73170.00,0.21000,0.27000,0.06000
CT,2020.00,67860.00,0.23000,0.24000,0.06000
CT,2020.00,75960.00,0.24000,0.24000,0.07000
CT,2020.00,71120.00,0.22000,0.25000,0.05000
CT,2020.00,75930.00,0.23000,0.26000,0.06000
DE,2020.00,93900.00,0.18000,0.19000,0.07000
DC,2020.00,65750.00,0.20000,0.11000,0.00000
FL,2020.00,90500.00,0.21000,0.13000,0.08000
FL,2020.00,90810.00,0.21000,0.14000,0.09000
FL,2020.00,93520.00,0.24000,0.15000,0.09000
FL,2020.00,72410.00,0.17000,0.11000,0.06000
FL,2020.00,106770.00,0.24000,0.15000,0.11000
FL,2020.00,88770.00,0.20000,0.14000,0.08000
FL,2020.00,73150.00,0.20000,0.13000,0.07000
FL,2020.00,81380.00,0.18000,0.13000,0.07000
FL,2020.00,90950.00,0.18000,0.14000,0.07000
FL,2020.00,89570.00,0.21000,0.14000,0.07000
FL,2020.00,97520.00,0.19000,0.14000,0.09000
FL,2020.00,88840.00,0.16000,0.12000,0.08000
FL,2020.00,85330.00,0.22000,0.13000,0.08000
FL,2020.00,89280.00,0.24000,0.14000,0.07000
FL,2020.00,85820.00,0.19000,0.13000,0.08000
FL,2020.00,84510.00,0.18000,0.12000,0.06000
FL,2020.00,91750.00,0.20000,0.15000,0.08000
FL,2020.00,73100.00,0.17000,0.12000,0.06000
FL,2020.00,79870.00,0.20000,0.13000,0.06000
FL,2020.00,93500.00,0.20000,0.13000,0.09000
FL,2020.00,75370.00,0.18000,0.12000,0.07000
FL,2020.00,72860.00,0.19000,0.12000,0.07000
FL,2020.00,62420.00,0.17000,0.11000,0.07000
FL,2020.00,93600.00,0.23000,0.14000,0.09000
FL,2020.00,69100.00,0.19000,0.13000,0.07000
FL,2020.00,62940.00,0.22000,0.11000,0.07000
FL,2020.00,68410.00,0.21000,0.13000,0.06000
GA,2020.00,94840.00,0.20000,0.17000,0.09000
GA,2020.00,110500.00,0.24000,0.19000,0.10000
GA,2020.00,78120.00,0.18000,0.15000,0.07000
GA,2020.00,74260.00,0.16000,0.15000,0.07000
GA,2020.00,99150.00,0.22000,0.14000,0.07000
GA,2020.00,54850.00,0.17000,0.14000,0.03000
GA,2020.00,59170.00,0.14000,0.14000,0.04000
GA,2020.00,91980.00,0.21000,0.19000,0.08000
GA,2020.00,83080.00,0.18000,0.16000,0.08000
GA,2020.00,80920.00,0.19000,0.15000,0.07000
GA,2020.00,64510.00,0.15000,0.15000,0.06000
GA,2020.00,100640.00,0.22000,0.18000,0.09000
GA,2020.00,65680.00,0.14000,0.15000,0.08000
GA,2020.00,84180.00,0.16000,0.16000,0.09000
HI,2020.00,64160.00,,0.18000,0.07000
HI,2020.00,72030.00,,0.19000,0.08000
ID,2020.00,74940.00,,0.16000,0.07000
ID,2020.00,77950.00,,0.18000,0.08000
IL,2020.00,78260.00,0.19000,0.13000,0.05000
IL,2020.00,80990.00,0.17000,0.16000,0.08000
IL,2020.00,48050.00,0.16000,0.14000,0.06000
IL,2020.00,55100.00,0.19000,0.16000,0.07000
IL,2020.00,46500.00,0.16000,0.13000,0.06000
IL,2020.00,30630.00,0.12000,0.11000,0.03000
IL,2020.00,92700.00,0.23000,0.16000,0.06000
IL,2020.00,42080.00,0.17000,0.13000,0.05000
IL,2020.00,54740.00,0.18000,0.15000,0.06000
IL,2020.00,43730.00,0.17000,0.14000,0.05000
IL,2020.00,40550.00,0.14000,0.13000,0.05000
IL,2020.00,75190.00,0.21000,0.18000,0.08000
IL,2020.00,72270.00,0.23000,0.19000,0.08000
IL,2020.00,32160.00,0.06000,0.11000,0.03000
IL,2020.00,67270.00,0.24000,0.17000,0.08000
IL,2020.00,61350.00,0.20000,0.15000,0.08000
IL,2020.00,77660.00,0.27000,0.18000,0.08000
IL,2020.00,52810.00,0.19000,0.15000,0.06000
IN,2020.00,78280.00,0.24000,0.17000,0.09000
IN,2020.00,79070.00,0.26000,0.18000,0.10000
IN,2020.00,75800.00,0.25000,0.18000,0.09000
IN,2020.00,75200.00,0.22000,0.18000,0.09000
IN,2020.00,68010.00,0.19000,0.16000,0.08000
IN,2020.00,82390.00,0.22000,0.21000,0.10000
IN,2020.00,102640.00,0.24000,0.19000,0.12000
IN,2020.00,83890.00,0.25000,0.20000,0.11000
IN,2020.00,80740.00,0.22000,0.18000,0.10000
IA,2020.00,54790.00,0.27000,0.15000,0.06000
IA,2020.00,61900.00,0.27000,0.14000,0.07000
IA,2020.00,58570.00,0.22000,0.15000,0.06000
IA,2020.00,54240.00,0.24000,0.15000,0.06000
KS,2020.00,67560.00,0.25000,0.17000,0.09000
KS,2020.00,76290.00,0.24000,0.19000,0.09000
KS,2020.00,58020.00,0.22000,0.17000,0.06000
KS,2020.00,79650.00,0.26000,0.19000,0.09000
KY,2020.00,99210.00,0.23000,0.20000,0.13000
KY,2020.00,93100.00,0.20000,0.19000,0.12000
KY,2020.00,82050.00,0.22000,0.16000,0.10000
KY,2020.00,75880.00,0.21000,0.17000,0.10000
KY,2020.00,129040.00,0.23000,0.23000,0.17000
KY,2020.00,96020.00,0.22000,0.18000,0.12000
LA,2020.00,96790.00,0.22000,0.18000,0.09000
LA,2020.00,124300.00,0.23000,0.19000,0.10000
LA,2020.00,107220.00,0.23000,0.19000,0.10000
LA,2020.00,114880.00,0.25000,0.19000,0.11000
LA,2020.00,114390.00,0.25000,0.19000,0.11000
LA,2020.00,82960.00,0.18000,0.17000,0.08000
ME,2020.00,61270.00,,,0.09000
ME,2020.00,78140.00,,,0.12000
MD,2020.00,71810.00,0.21000,0.14000,0.05000
MD,2020.00,78260.00,0.18000,0.12000,0.07000
MD,2020.00,65350.00,0.18000,0.11000,0.04000
MD,2020.00,57610.00,0.15000,0.11000,0.03000
MD,2020.00,49950.00,0.10000,0.09000,0.04000
MD,2020.00,73290.00,0.18000,0.11000,0.06000
MD,2020.00,88520.00,0.23000,0.11000,0.05000
MD,2020.00,58860.00,0.18000,0.10000,0.03000
MA,2020.00,67160.00,0.23000,0.24000,0.06000
MA,2020.00,56940.00,0.19000,0.20000,0.06000
MA,2020.00,55200.00,0.17000,0.19000,0.05000
MA,2020.00,40090.00,0.18000,0.16000,0.04000
MA,2020.00,46110.00,0.20000,0.14000,0.04000
MA,2020.00,43940.00,0.19000,0.17000,0.04000
MA,2020.00,87450.00,0.22000,0.20000,0.08000
MA,2020.00,47940.00,0.18000,0.17000,0.04000
MA,2020.00,52420.00,0.20000,0.19000,0.05000
MI,2020.00,82630.00,0.30000,0.21000,0.10000
MI,2020.00,71690.00,0.26000,0.18000,0.09000
MI,2020.00,75410.00,0.28000,0.21000,0.08000
MI,2020.00,82630.00,0.26000,0.20000,0.11000
MI,2020.00,99900.00,0.29000,0.23000,0.11000
MI,2020.00,81250.00,0.29000,0.21000,0.09000
MI,2020.00,72210.00,0.23000,0.19000,0.09000
MI,2020.00,68980.00,0.26000,0.18000,0.08000
MI,2020.00,76080.00,0.24000,0.16000,0.09000
MI,2020.00,72290.00,0.21000,0.18000,0.09000
MI,2020.00,53780.00,0.19000,0.15000,0.07000
MI,2020.00,82170.00,0.23000,0.18000,0.11000
MI,2020.00,125600.00,0.28000,0.23000,0.14000
MI,2020.00,105530.00,0.25000,0.23000,0.10000
MN,2020.00,40740.00,0.29000,0.21000,0.05000
MN,2020.00,28120.00,0.19000,0.19000,0.03000
MN,2020.00,26470.00,0.20000,0.17000,0.02000
MN,2020.00,51670.00,0.25000,0.20000,0.05000
MN,2020.00,60790.00,0.27000,0.20000,0.06000
MN,2020.00,30680.00,0.24000,0.16000,0.03000
MN,2020.00,46110.00,0.29000,0.21000,0.05000
MN,2020.00,53420.00,0.28000,0.21000,0.06000
MS,2020.00,108070.00,0.25000,0.21000,0.11000
MS,2020.00,130180.00,0.29000,0.24000,0.11000
MS,2020.00,111620.00,0.26000,0.23000,0.10000
MS,2020.00,133830.00,0.29000,0.23000,0.12000
MO,2020.00,93020.00,0.27000,0.14000,0.09000
MO,2020.00,53130.00,0.20000,0.10000,0.05000
MO,2020.00,72760.00,0.24000,0.11000,0.07000
MO,2020.00,95010.00,0.29000,0.14000,0.10000
MO,2020.00,91470.00,0.27000,0.14000,0.09000
MO,2020.00,77240.00,0.24000,0.11000,0.08000
MO,2020.00,100670.00,0.31000,0.16000,0.11000
MO,2020.00,112530.00,0.35000,0.18000,0.12000
MT,2020.00,90220.00,,0.16000,0.07000
NE,2020.00,63840.00,0.29000,0.22000,0.08000
NE,2020.00,63230.00,0.31000,0.21000,0.07000
NE,2020.00,61010.00,0.32000,0.22000,0.08000
NV,2020.00,101970.00,0.28000,0.19000,0.13000
NV,2020.00,71910.00,0.20000,0.16000,0.08000
NV,2020.00,76640.00,0.18000,0.14000,0.07000
NV,2020.00,81520.00,0.20000,0.16000,0.08000
NH,2020.00,48850.00,0.12000,0.25000,0.07000
NH,2020.00,45600.00,0.08000,0.23000,0.06000
NJ,2020.00,61500.00,0.17000,0.21000,0.04000
NJ,2020.00,68190.00,0.20000,0.20000,0.05000
NJ,2020.00,45260.00,0.10000,0.15000,0.03000
NJ,2020.00,48870.00,0.13000,0.15000,0.04000
NJ,2020.00,36430.00,0.11000,0.13000,0.02000
NJ,2020.00,54050.00,0.14000,0.17000,0.04000
NJ,2020.00,32320.00,0.10000,0.13000,0.01000
NJ,2020.00,77030.00,0.22000,0.19000,0.07000
NJ,2020.00,65340.00,0.18000,0.18000,0.05000
NJ,2020.00,83640.00,0.20000,0.19000,0.06000
NJ,2020.00,33760.00,0.10000,0.12000,0.02000
NJ,2020.00,50930.00,0.15000,0.17000,0.04000
NM,2020.00,82140.00,0.21000,0.16000,0.08000
NM,2020.00,96980.00,0.19000,0.17000,0.10000
NM,2020.00,92090.00,0.21000,0.16000,0.07000
NY,2020.00,37040.00,0.11000,0.14000,0.02000
NY,2020.00,28440.00,0.07000,0.12000,0.02000
NY,2020.00,32310.00,0.11000,0.13000,0.01000
NY,2020.00,25650.00,0.07000,0.13000,0.01000
NY,2020.00,57270.00,0.11000,0.17000,0.07000
NY,2020.00,68860.00,0.18000,0.16000,0.06000
NY,2020.00,99540.00,0.25000,0.20000,0.10000
NY,2020.00,97520.00,0.19000,0.22000,0.09000
NY,2020.00,78430.00,0.20000,0.20000,0.07000
NY,2020.00,83100.00,0.22000,0.19000,0.08000
NY,2020.00,65900.00,0.19000,0.18000,0.06000
NY,2020.00,67240.00,0.24000,0.18000,0.06000
NY,2020.00,123590.00,0.25000,0.23000,0.10000
NY,2020.00,70170.00,0.18000,0.18000,0.08000
NY,2020.00,151210.00,0.29000,0.26000,0.20000
NY,2020.00,63500.00,0.16000,0.19000,0.04000
NY,2020.00,51960.00,0.12000,0.15000,0.04000
NY,2020.00,49240.00,0.14000,0.15000,0.04000
NY,2020.00,64540.00,0.18000,0.20000,0.06000
NY,2020.00,65900.00,0.24000,0.21000,0.05000
NY,2020.00,72290.00,0.21000,0.20000,0.07000
NY,2020.00,74740.00,0.29000,0.21000,0.07000
NY,2020.00,75650.00,0.24000,0.24000,0.07000
NY,2020.00,71970.00,0.27000,0.22000,0.06000
NY,2020.00,72470.00,0.24000,0.24000,0.05000
NY,2020.00,81290.00,0.23000,0.24000,0.07000
NY,2020.00,52760.00,0.16000,0.20000,0.04000
NC,2020.00,106670.00,0.25000,0.20000,0.09000
NC,2020.00,83360.00,0.20000,0.18000,0.06000
NC,2020.00,102240.00,0.24000,0.20000,0.09000
NC,2020.00,79230.00,0.21000,0.18000,0.07000
NC,2020.00,98250.00,0.24000,0.21000,0.09000
NC,2020.00,95830.00,0.23000,0.20000,0.08000
NC,2020.00,105270.00,0.24000,0.21000,0.09000
NC,2020.00,99590.00,0.23000,0.20000,0.08000
NC,2020.00,90980.00,0.24000,0.18000,0.06000
NC,2020.00,99520.00,0.25000,0.20000,0.09000
NC,2020.00,100710.00,0.25000,0.21000,0.10000
NC,2020.00,87740.00,0.20000,0.19000,0.07000
NC,2020.00,96480.00,0.25000,0.21000,0.08000
ND,2020.00,36130.00,,,0.04000
OH,2020.00,81250.00,0.25000,0.18000,0.08000
OH,2020.00,84230.00,0.20000,0.18000,0.10000
OH,2020.00,110130.00,0.24000,0.21000,0.12000
OH,2020.00,78030.00,0.25000,0.20000,0.10000
OH,2020.00,70090.00,0.24000,0.18000,0.09000
OH,2020.00,91850.00,0.23000,0.19000,0.12000
OH,2020.00,76550.00,0.26000,0.20000,0.09000
OH,2020.00,75980.00,0.20000,0.19000,0.10000
OH,2020.00,105960.00,0.29000,0.23000,0.12000
OH,2020.00,91450.00,0.25000,0.19000,0.11000
OH,2020.00,116670.00,0.26000,0.24000,0.12000
OH,2020.00,67670.00,0.19000,0.15000,0.08000
OH,2020.00,98630.00,0.27000,0.25000,0.12000
OH,2020.00,63460.00,0.19000,0.18000,0.08000
OH,2020.00,79900.00,0.16000,0.17000,0.10000
OH,2020.00,59240.00,0.21000,0.17000,0.08000
OK,2020.00,99590.00,0.25000,0.16000,0.10000
OK,2020.00,119940.00,0.24000,0.19000,0.13000
OK,2020.00,95040.00,0.22000,0.17000,0.11000
OK,2020.00,96520.00,0.22000,0.15000,0.11000
OK,2020.00,103900.00,0.24000,0.17000,0.11000
OR,2020.00,63950.00,0.22000,0.19000,0.07000
OR,2020.00,87180.00,0.28000,0.21000,0.09000
OR,2020.00,80920.00,0.29000,0.22000,0.08000
OR,2020.00,100930.00,0.26000,0.22000,0.11000
OR,2020.00,74860.00,0.26000,0.20000,0.08000
PA,2020.00,38320.00,0.15000,0.17000,0.05000
PA,2020.00,109760.00,0.23000,0.26000,0.10000
PA,2020.00,94580.00,0.23000,0.20000,0.09000
PA,2020.00,40600.00,0.16000,0.16000,0.04000
PA,2020.00,62490.00,0.21000,0.18000,0.06000
PA,2020.00,48150.00,0.19000,0.21000,0.05000
PA,2020.00,58490.00,0.18000,0.21000,0.06000
PA,2020.00,69520.00,0.20000,0.21000,0.08000
PA,2020.00,58900.00,0.20000,0.20000,0.07000
PA,2020.00,56160.00,0.22000,0.22000,0.06000
PA,2020.00,48600.00,0.20000,0.20000,0.05000
PA,2020.00,63780.00,0.29000,0.22000,0.08000
PA,2020.00,62260.00,0.22000,0.20000,0.08000
PA,2020.00,63870.00,0.25000,0.18000,0.08000
PA,2020.00,68880.00,0.31000,0.20000,0.09000
PA,2020.00,69970.00,0.30000,0.24000,0.08000
PA,2020.00,49090.00,0.20000,0.16000,0.06000
PA,2020.00,72980.00,0.26000,0.20000,0.08000
RI,2020.00,50070.00,0.21000,0.19000,0.07000
RI,2020.00,38480.00,0.17000,0.17000,0.06000
SC,2020.00,56660.00,0.15000,0.11000,0.05000
SC,2020.00,61080.00,0.16000,0.14000,0.06000
SC,2020.00,73360.00,0.19000,0.15000,0.08000
SC,2020.00,63450.00,0.19000,0.13000,0.06000
SC,2020.00,66570.00,0.18000,0.12000,0.07000
SC,2020.00,84250.00,0.20000,0.17000,0.09000
SC,2020.00,84140.00,0.20000,0.16000,0.08000
SD,2020.00,74850.00,,0.13000,0.07000
TN,2020.00,104760.00,0.24000,0.26000,0.12000
TN,2020.00,83870.00,0.25000,0.21000,0.10000
TN,2020.00,94440.00,0.23000,0.22000,0.11000
TN,2020.00,90310.00,0.20000,0.21000,0.10000
TN,2020.00,83410.00,0.21000,0.20000,0.09000
TN,2020.00,87520.00,0.19000,0.22000,0.10000
TN,2020.00,83580.00,0.20000,0.20000,0.09000
TN,2020.00,76920.00,0.21000,0.19000,0.09000
TN,2020.00,104360.00,0.25000,0.22000,0.11000
TX,2020.00,110470.00,0.26000,0.20000,0.09000
TX,2020.00,92100.00,0.21000,0.17000,0.06000
TX,2020.00,88600.00,0.20000,0.15000,0.05000
TX,2020.00,102770.00,0.25000,0.17000,0.08000
TX,2020.00,100240.00,0.26000,0.18000,0.08000
TX,2020.00,88390.00,0.20000,0.16000,0.07000
TX,2020.00,95630.00,0.24000,0.18000,0.06000
TX,2020.00,100740.00,0.23000,0.17000,0.07000
TX,2020.00,115690.00,0.25000,0.19000,0.11000
TX,2020.00,96900.00,0.21000,0.16000,0.06000
TX,2020.00,96140.00,0.22000,0.17000,0.08000
TX,2020.00,96290.00,0.24000,0.16000,0.07000
TX,2020.00,98270.00,0.28000,0.19000,0.09000
TX,2020.00,101320.00,0.24000,0.18000,0.07000
TX,2020.00,124650.00,0.17000,0.22000,0.07000
TX,2020.00,103640.00,0.22000,0.20000,0.10000
TX,2020.00,109560.00,0.27000,0.18000,0.10000
TX,2020.00,127550.00,0.28000,0.20000,0.08000
TX,2020.00,102090.00,0.27000,0.20000,0.09000
TX,2020.00,120600.00,0.25000,0.20000,0.11000
TX,2020.00,98710.00,0.25000,0.17000,0.07000
TX,2020.00,89450.00,0.16000,0.14000,0.05000
TX,2020.00,98230.00,0.20000,0.20000,0.07000
TX,2020.00,87920.00,0.24000,0.16000,0.06000
TX,2020.00,94700.00,0.23000,0.17000,0.07000
TX,2020.00,86590.00,0.18000,0.14000,0.05000
TX,2020.00,100660.00,0.26000,0.19000,0.08000
TX,2020.00,112810.00,0.20000,0.21000,0.08000
TX,2020.00,113170.00,0.27000,0.20000,0.12000
TX,2020.00,116120.00,0.24000,0.19000,0.09000
TX,2020.00,106630.00,0.23000,0.17000,0.07000
TX,2020.00,89130.00,0.24000,0.17000,0.06000
TX,2020.00,114200.00,0.29000,0.19000,0.12000
TX,2020.00,113060.00,0.26000,0.22000,0.10000
TX,2020.00,118630.00,0.25000,0.20000,0.10000
TX,2020.00,109060.00,0.24000,0.18000,0.09000
UT,2020.00,68010.00,,0.19000,0.08000
UT,2020.00,80020.00,,0.20000,0.09000
UT,2020.00,70570.00,,0.19000,0.08000
UT,2020.00,70370.00,,0.18000,0.07000
VT,2020.00,56010.00,,,0.09000
VA,2020.00,45790.00,0.12000,0.13000,0.04000
VA,2020.00,57000.00,0.18000,0.15000,0.05000
VA,2020.00,76720.00,0.20000,0.18000,0.07000
VA,2020.00,73030.00,0.19000,0.16000,0.05000
VA,2020.00,67940.00,0.18000,0.18000,0.06000
VA,2020.00,71440.00,0.22000,0.18000,0.07000
VA,2020.00,53120.00,0.15000,0.17000,0.04000
VA,2020.00,50120.00,0.17000,0.14000,0.03000
VA,2020.00,90360.00,0.22000,0.22000,0.10000
VA,2020.00,31850.00,0.08000,0.12000,0.02000
VA,2020.00,41100.00,0.12000,0.13000,0.03000
WA,2020.00,47460.00,0.16000,0.18000,0.05000
WA,2020.00,62360.00,0.16000,0.19000,0.08000
WA,2020.00,69360.00,0.20000,0.20000,0.08000
WA,2020.00,69500.00,0.21000,0.22000,0.08000
WA,2020.00,77560.00,0.27000,0.22000,0.09000
WA,2020.00,68420.00,0.22000,0.20000,0.08000
WA,2020.00,63160.00,0.23000,0.19000,0.07000
WA,2020.00,49070.00,0.17000,0.19000,0.05000
WA,2020.00,60530.00,0.22000,0.19000,0.07000
WA,2020.00,70790.00,0.20000,0.19000,0.08000
WV,2020.00,67090.00,0.23000,,0.11000
WV,2020.00,64290.00,0.22000,,0.10000
WV,2020.00,86310.00,0.22000,,0.14000
WI,2020.00,49010.00,0.27000,0.20000,0.05000
WI,2020.00,47880.00,0.25000,0.21000,0.05000
WI,2020.00,54080.00,0.27000,0.22000,0.06000
WI,2020.00,82580.00,0.28000,0.23000,0.08000
WI,2020.00,40170.00,0.22000,0.20000,0.04000
WI,2020.00,44850.00,0.28000,0.21000,0.05000
WI,2020.00,50820.00,0.21000,0.23000,0.05000
WI,2020.00,46010.00,0.30000,0.21000,0.04000
WY,2020.00,59570.00,,0.14000,0.10000
AL,2019.00,115250.00,0.28000,0.12000,0.12000
AL,2019.00,109950.00,0.28000,0.14000,0.13000
AL,2019.00,119620.00,0.26000,0.14000,0.13000
AL,2019.00,116460.00,0.27000,0.14000,0.14000
AL,2019.00,110870.00,0.25000,0.13000,0.12000
AL,2019.00,88620.00,0.20000,0.11000,0.10000
AL,2019.00,127480.00,0.28000,0.12000,0.14000
AK,2019.00,86970.00,0.18000,0.14000,0.09000
AZ,2019.00,123050.00,0.21000,0.17000,0.11000
AZ,2019.00,97520.00,0.24000,0.18000,0.12000
AZ,2019.00,105360.00,0.20000,0.18000,0.13000
AZ,2019.00,109970.00,0.18000,0.16000,0.12000
AZ,2019.00,77030.00,0.14000,0.14000,0.08000
AZ,2019.00,85770.00,0.23000,0.17000,0.09000
AZ,2019.00,126510.00,0.26000,0.19000,0.15000
AZ,2019.00,83650.00,0.18000,0.14000,0.09000
AZ,2019.00,110080.00,0.25000,0.17000,0.11000
AR,2019.00,133810.00,0.28000,0.22000,0.16000
AR,2019.00,114340.00,0.23000,0.20000,0.14000
AR,2019.00,133490.00,0.25000,0.18000,0.14000
AR,2019.00,118310.00,0.25000,0.21000,0.16000
CA,2019.00,95290.00,0.23000,0.18000,0.11000
CA,2019.00,76170.00,0.18000,0.15000,0.07000
CA,2019.00,81670.00,0.14000,0.15000,0.09000
CA,2019.00,71540.00,0.09000,0.14000,0.07000
CA,2019.00,60470.00,0.16000,0.13000,0.07000
CA,2019.00,98800.00,0.22000,0.16000,0.10000
CA,2019.00,79680.00,0.18000,0.13000,0.07000
CA,2019.00,97430.00,0.22000,0.16000,0.11000
CA,2019.00,85510.00,0.19000,0.16000,0.08000
CA,2019.00,82650.00,0.15000,0.15000,0.09000
CA,2019.00,64010.00,0.18000,0.14000,0.05000
CA,2019.00,88430.00,0.25000,0.14000,0.07000
CA,2019.00,84850.00,0.20000,0.15000,0.07000
CA,2019.00,54240.00,0.14000,0.12000,0.05000
CA,2019.00,51940.00,0.14000,0.11000,0.05000
CA,2019.00,123710.00,0.31000,0.19000,0.12000
CA,2019.00,59520.00,0.11000,0.11000,0.06000
CA,2019.00,49910.00,0.13000,0.12000,0.04000
CA,2019.00,56050.00,0.12000,0.12000,0.05000
CA,2019.00,71250.00,0.16000,0.14000,0.08000
CA,2019.00,107670.00,0.26000,0.19000,0.11000
CA,2019.00,87630.00,0.20000,0.17000,0.08000
CA,2019.00,94050.00,0.23000,0.16000,0.10000
CA,2019.00,75950.00,0.20000,0.14000,0.08000
CA,2019.00,55620.00,0.21000,0.14000,0.06000
CA,2019.00,55890.00,0.09000,0.13000,0.06000
CA,2019.00,63160.00,0.15000,0.13000,0.07000
CA,2019.00,94830.00,0.18000,0.16000,0.12000
CA,2019.00,81050.00,0.19000,0.16000,0.12000
CA,2019.00,75290.00,0.15000,0.14000,0.08000
CA,2019.00,68330.00,0.20000,0.15000,0.08000
CA,2019.00,63490.00,0.14000,0.13000,0.08000
CA,2019.00,67620.00,0.16000,0.13000,0.06000
CA,2019.00,115870.00,0.29000,0.18000,0.13000
CA,2019.00,59690.00,0.15000,0.14000,0.09000
CA,2019.00,91300.00,0.23000,0.17000,0.10000
CA,2019.00,84910.00,0.19000,0.17000,0.09000
CA,2019.00,48230.00,0.14000,0.13000,0.07000
CA,2019.00,55320.00,0.13000,0.12000,0.06000
CA,2019.00,87100.00,0.23000,0.17000,0.11000
CA,2019.00,66880.00,0.17000,0.14000,0.09000
CA,2019.00,57980.00,0.08000,0.12000,0.06000
CA,2019.00,78210.00,0.19000,0.16000,0.08000
CA,2019.00,71990.00,0.19000,0.16000,0.11000
CA,2019.00,65250.00,0.09000,0.11000,0.05000
CA,2019.00,68060.00,0.17000,0.14000,0.10000
CA,2019.00,82140.00,0.19000,0.15000,0.07000
CA,2019.00,66640.00,0.12000,0.13000,0.06000
CA,2019.00,58800.00,0.15000,0.13000,0.05000
CA,2019.00,74400.00,0.18000,0.14000,0.07000
CA,2019.00,103750.00,0.24000,0.17000,0.11000
CA,2019.00,70830.00,0.16000,0.12000,0.07000
CA,2019.00,80910.00,0.17000,0.13000,0.09000
CO,2019.00,87130.00,0.15000,0.17000,0.09000
CO,2019.00,82550.00,0.11000,0.16000,0.08000
CO,2019.00,89830.00,0.17000,0.20000,0.10000
CO,2019.00,74360.00,0.11000,0.17000,0.07000
CO,2019.00,90740.00,0.12000,0.18000,0.09000
CO,2019.00,65520.00,0.10000,0.15000,0.06000
CO,2019.00,76310.00,0.10000,0.16000,0.08000
CT,2019.00,82990.00,0.21000,0.27000,0.07000
CT,2019.00,80690.00,0.24000,0.24000,0.08000
CT,2019.00,92240.00,0.23000,0.24000,0.09000
CT,2019.00,82890.00,0.22000,0.24000,0.06000
CT,2019.00,89990.00,0.23000,0.25000,0.08000
DE,2019.00,114190.00,0.18000,0.19000,0.09000
DC,2019.00,70480.00,0.19000,0.08000,0.02000
FL,2019.00,112540.00,0.21000,0.12000,0.10000
FL,2019.00,100940.00,0.22000,0.14000,0.11000
FL,2019.00,108270.00,0.23000,0.14000,0.11000
FL,2019.00,90250.00,0.16000,0.10000,0.08000
FL,2019.00,121180.00,0.23000,0.15000,0.13000
FL,2019.00,100970.00,0.21000,0.14000,0.10000
FL,2019.00,94640.00,0.19000,0.13000,0.09000
FL,2019.00,94590.00,0.19000,0.12000,0.10000
FL,2019.00,103560.00,0.18000,0.13000,0.10000
FL,2019.00,87590.00,0.20000,0.13000,0.09000
FL,2019.00,115220.00,0.20000,0.14000,0.11000
FL,2019.00,102110.00,0.16000,0.12000,0.10000
FL,2019.00,97320.00,0.22000,0.13000,0.10000
FL,2019.00,101900.00,0.24000,0.14000,0.09000
FL,2019.00,99110.00,0.19000,0.13000,0.10000
FL,2019.00,99250.00,0.18000,0.12000,0.09000
FL,2019.00,107660.00,0.21000,0.15000,0.10000
FL,2019.00,82730.00,0.17000,0.11000,0.08000
FL,2019.00,91080.00,0.20000,0.13000,0.09000
FL,2019.00,103650.00,0.21000,0.12000,0.11000
FL,2019.00,81250.00,0.17000,0.12000,0.09000
FL,2019.00,85140.00,0.19000,0.11000,0.09000
FL,2019.00,67450.00,0.16000,0.09000,0.08000
FL,2019.00,91340.00,0.23000,0.14000,0.11000
FL,2019.00,77800.00,0.21000,0.13000,0.08000
FL,2019.00,68280.00,0.22000,0.11000,0.08000
FL,2019.00,81480.00,0.20000,0.12000,0.08000
GA,2019.00,103590.00,0.20000,0.16000,0.11000
GA,2019.00,126590.00,0.25000,0.17000,0.12000
GA,2019.00,91020.00,0.18000,0.14000,0.09000
GA,2019.00,73570.00,0.15000,0.14000,0.09000
GA,2019.00,109370.00,0.22000,0.13000,0.08000
GA,2019.00,67160.00,0.14000,0.13000,0.05000
GA,2019.00,65110.00,0.13000,0.12000,0.06000
GA,2019.00,100870.00,0.22000,0.18000,0.11000
GA,2019.00,98050.00,0.19000,0.15000,0.10000
GA,2019.00,94150.00,0.19000,0.13000,0.09000
GA,2019.00,76290.00,0.14000,0.14000,0.07000
GA,2019.00,109640.00,0.21000,0.16000,0.11000
GA,2019.00,69390.00,0.13000,0.14000,0.10000
GA,2019.00,94510.00,0.17000,0.15000,0.11000
HI,2019.00,78330.00,,0.16000,0.09000
HI,2019.00,83890.00,,0.18000,0.09000
ID,2019.00,84390.00,,0.16000,0.10000
ID,2019.00,95190.00,,0.17000,0.10000
IL,2019.00,81670.00,0.20000,0.12000,0.07000
IL,2019.00,78390.00,0.17000,0.15000,0.09000
IL,2019.00,56150.00,0.17000,0.12000,0.07000
IL,2019.00,60590.00,0.18000,0.15000,0.09000
IL,2019.00,57710.00,0.14000,0.12000,0.07000
IL,2019.00,37150.00,0.11000,0.11000,0.05000
IL,2019.00,102170.00,0.23000,0.14000,0.08000
IL,2019.00,52460.00,0.16000,0.12000,0.07000
IL,2019.00,64200.00,0.18000,0.14000,0.08000
IL,2019.00,51500.00,0.16000,0.13000,0.06000
IL,2019.00,46940.00,0.13000,0.12000,0.06000
IL,2019.00,85100.00,0.22000,0.17000,0.11000
IL,2019.00,95470.00,0.23000,0.16000,0.11000
IL,2019.00,39140.00,0.05000,0.10000,0.05000
IL,2019.00,74610.00,0.24000,0.16000,0.10000
IL,2019.00,72930.00,0.21000,0.15000,0.09000
IL,2019.00,87130.00,0.26000,0.16000,0.11000
IL,2019.00,68100.00,0.19000,0.13000,0.08000
IN,2019.00,85320.00,0.23000,0.17000,0.11000
IN,2019.00,87330.00,0.26000,0.18000,0.12000
IN,2019.00,83960.00,0.26000,0.18000,0.11000
IN,2019.00,91020.00,0.22000,0.17000,0.11000
IN,2019.00,81660.00,0.18000,0.16000,0.10000
IN,2019.00,99540.00,0.22000,0.19000,0.13000
IN,2019.00,116020.00,0.25000,0.20000,0.14000
IN,2019.00,96990.00,0.25000,0.20000,0.13000
IN,2019.00,92690.00,0.22000,0.18000,0.12000
IA,2019.00,73660.00,0.27000,0.15000,0.08000
IA,2019.00,81260.00,0.26000,0.14000,0.09000
IA,2019.00,75480.00,0.22000,0.15000,0.08000
IA,2019.00,67400.00,0.26000,0.15000,0.08000
KS,2019.00,88280.00,0.24000,0.16000,0.12000
KS,2019.00,92480.00,0.24000,0.18000,0.12000
KS,2019.00,75290.00,0.22000,0.16000,0.08000
KS,2019.00,95040.00,0.27000,0.17000,0.11000
KY,2019.00,112230.00,0.23000,0.20000,0.15000
KY,2019.00,109010.00,0.19000,0.19000,0.14000
KY,2019.00,92380.00,0.22000,0.16000,0.12000
KY,2019.00,82570.00,0.21000,0.19000,0.12000
KY,2019.00,139430.00,0.24000,0.22000,0.20000
KY,2019.00,108920.00,0.20000,0.19000,0.15000
LA,2019.00,111880.00,0.22000,0.16000,0.11000
LA,2019.00,128140.00,0.23000,0.17000,0.12000
LA,2019.00,121880.00,0.23000,0.18000,0.12000
LA,2019.00,127280.00,0.25000,0.18000,0.13000
LA,2019.00,126600.00,0.25000,0.18000,0.13000
LA,2019.00,102580.00,0.17000,0.14000,0.10000
ME,2019.00,76170.00,,,0.11000
ME,2019.00,90740.00,,,0.14000
MD,2019.00,82830.00,0.22000,0.14000,0.07000
MD,2019.00,94190.00,0.17000,0.12000,0.09000
MD,2019.00,82770.00,0.17000,0.11000,0.06000
MD,2019.00,65280.00,0.13000,0.11000,0.05000
MD,2019.00,57230.00,0.08000,0.09000,0.05000
MD,2019.00,83330.00,0.17000,0.11000,0.08000
MD,2019.00,99580.00,0.23000,0.12000,0.06000
MD,2019.00,74970.00,0.17000,0.10000,0.05000
MA,2019.00,71230.00,0.21000,0.22000,0.08000
MA,2019.00,65990.00,0.18000,0.18000,0.08000
MA,2019.00,61010.00,0.14000,0.17000,0.07000
MA,2019.00,50030.00,0.14000,0.15000,0.05000
MA,2019.00,55270.00,0.16000,0.12000,0.06000
MA,2019.00,51860.00,0.17000,0.15000,0.06000
MA,2019.00,93850.00,0.20000,0.18000,0.10000
MA,2019.00,54670.00,0.16000,0.15000,0.06000
MA,2019.00,63020.00,0.20000,0.17000,0.07000
MI,2019.00,96210.00,0.30000,0.20000,0.13000
MI,2019.00,84660.00,0.26000,0.17000,0.11000
MI,2019.00,89050.00,0.27000,0.20000,0.10000
MI,2019.00,97070.00,0.28000,0.19000,0.13000
MI,2019.00,111830.00,0.30000,0.21000,0.14000
MI,2019.00,94830.00,0.28000,0.19000,0.11000
MI,2019.00,86890.00,0.24000,0.18000,0.11000
MI,2019.00,82600.00,0.25000,0.17000,0.10000
MI,2019.00,84390.00,0.23000,0.15000,0.11000
MI,2019.00,81050.00,0.19000,0.17000,0.11000
MI,2019.00,63840.00,0.18000,0.14000,0.08000
MI,2019.00,96430.00,0.23000,0.17000,0.13000
MI,2019.00,125180.00,0.29000,0.22000,0.16000
MI,2019.00,104990.00,0.25000,0.22000,0.12000
MN,2019.00,50230.00,0.30000,0.22000,0.07000
MN,2019.00,40660.00,0.20000,0.20000,0.05000
MN,2019.00,37660.00,0.20000,0.18000,0.04000
MN,2019.00,63310.00,0.26000,0.21000,0.06000
MN,2019.00,75130.00,0.28000,0.21000,0.08000
MN,2019.00,44330.00,0.26000,0.18000,0.05000
MN,2019.00,57800.00,0.31000,0.22000,0.07000
MN,2019.00,63050.00,0.27000,0.22000,0.08000
MS,2019.00,119060.00,0.25000,0.16000,0.13000
MS,2019.00,146060.00,0.29000,0.18000,0.13000
MS,2019.00,127130.00,0.26000,0.17000,0.12000
MS,2019.00,158120.00,0.30000,0.19000,0.15000
MO,2019.00,102760.00,0.28000,0.16000,0.12000
MO,2019.00,63690.00,0.20000,0.10000,0.07000
MO,2019.00,85820.00,0.25000,0.12000,0.09000
MO,2019.00,112310.00,0.29000,0.15000,0.13000
MO,2019.00,102990.00,0.27000,0.15000,0.12000
MO,2019.00,94340.00,0.24000,0.13000,0.10000
MO,2019.00,122660.00,0.30000,0.16000,0.13000
MO,2019.00,125110.00,0.34000,0.19000,0.15000
MT,2019.00,111080.00,,0.14000,0.09000
NE,2019.00,76100.00,0.30000,0.22000,0.10000
NE,2019.00,77500.00,0.31000,0.22000,0.09000
NE,2019.00,71980.00,0.30000,0.22000,0.10000
NV,2019.00,113670.00,0.27000,0.18000,0.16000
NV,2019.00,86500.00,0.19000,0.16000,0.10000
NV,2019.00,87950.00,0.16000,0.14000,0.09000
NV,2019.00,85250.00,0.18000,0.16000,0.10000
NH,2019.00,62600.00,0.13000,0.24000,0.09000
NH,2019.00,57390.00,0.07000,0.23000,0.08000
NJ,2019.00,69930.00,0.17000,0.21000,0.06000
NJ,2019.00,71980.00,0.20000,0.20000,0.06000
NJ,2019.00,55630.00,0.10000,0.14000,0.05000
NJ,2019.00,58430.00,0.12000,0.15000,0.05000
NJ,2019.00,44060.00,0.08000,0.12000,0.04000
NJ,2019.00,62090.00,0.14000,0.16000,0.06000
NJ,2019.00,48390.00,0.08000,0.13000,0.03000
NJ,2019.00,84710.00,0.20000,0.19000,0.09000
NJ,2019.00,68410.00,0.16000,0.17000,0.07000
NJ,2019.00,87570.00,0.19000,0.18000,0.09000
NJ,2019.00,42060.00,0.08000,0.11000,0.03000
NJ,2019.00,69270.00,0.15000,0.16000,0.05000
NM,2019.00,92600.00,0.22000,0.15000,0.10000
NM,2019.00,107600.00,0.23000,0.16000,0.11000
NM,2019.00,97830.00,0.20000,0.15000,0.09000
NY,2019.00,44740.00,0.11000,0.13000,0.04000
NY,2019.00,32370.00,0.06000,0.12000,0.03000
NY,2019.00,40770.00,0.09000,0.12000,0.03000
NY,2019.00,35450.00,0.06000,0.12000,0.03000
NY,2019.00,59860.00,0.10000,0.16000,0.09000
NY,2019.00,75800.00,0.15000,0.15000,0.09000
NY,2019.00,98420.00,0.24000,0.20000,0.11000
NY,2019.00,98400.00,0.18000,0.22000,0.11000
NY,2019.00,79140.00,0.19000,0.19000,0.10000
NY,2019.00,92900.00,0.21000,0.19000,0.10000
NY,2019.00,71990.00,0.19000,0.17000,0.07000
NY,2019.00,78940.00,0.23000,0.18000,0.08000
NY,2019.00,124740.00,0.24000,0.23000,0.11000
NY,2019.00,80740.00,0.17000,0.17000,0.10000
NY,2019.00,159260.00,0.28000,0.25000,0.22000
NY,2019.00,71060.00,0.15000,0.18000,0.06000
NY,2019.00,56440.00,0.10000,0.15000,0.06000
NY,2019.00,55390.00,0.13000,0.15000,0.06000
NY,2019.00,71480.00,0.18000,0.19000,0.08000
NY,2019.00,80030.00,0.24000,0.21000,0.07000
NY,2019.00,89350.00,0.21000,0.19000,0.09000
NY,2019.00,86960.00,0.27000,0.22000,0.09000
NY,2019.00,89980.00,0.24000,0.24000,0.09000
NY,2019.00,82810.00,0.25000,0.21000,0.08000
NY,2019.00,81560.00,0.24000,0.24000,0.07000
NY,2019.00,89200.00,0.23000,0.25000,0.08000
NY,2019.00,62770.00,0.19000,0.20000,0.06000
NC,2019.00,117760.00,0.25000,0.21000,0.11000
NC,2019.00,101050.00,0.20000,0.19000,0.08000
NC,2019.00,109220.00,0.25000,0.22000,0.12000
NC,2019.00,101380.00,0.20000,0.19000,0.09000
NC,2019.00,116080.00,0.25000,0.22000,0.12000
NC,2019.00,110540.00,0.23000,0.21000,0.11000
NC,2019.00,112190.00,0.25000,0.22000,0.11000
NC,2019.00,110600.00,0.23000,0.21000,0.11000
NC,2019.00,104860.00,0.24000,0.19000,0.09000
NC,2019.00,115250.00,0.25000,0.21000,0.12000
NC,2019.00,113120.00,0.26000,0.22000,0.12000
NC,2019.00,98010.00,0.21000,0.19000,0.09000
NC,2019.00,107380.00,0.25000,0.21000,0.11000
ND,2019.00,51380.00,,,0.05000
OH,2019.00,90880.00,0.26000,0.19000,0.10000
OH,2019.00,97490.00,0.20000,0.18000,0.12000
OH,2019.00,121010.00,0.24000,0.22000,0.14000
OH,2019.00,88130.00,0.25000,0.20000,0.12000
OH,2019.00,80820.00,0.22000,0.18000,0.11000
OH,2019.00,99650.00,0.24000,0.19000,0.14000
OH,2019.00,87670.00,0.28000,0.19000,0.11000
OH,2019.00,92650.00,0.20000,0.20000,0.12000
OH,2019.00,117850.00,0.29000,0.24000,0.14000
OH,2019.00,105910.00,0.25000,0.21000,0.13000
OH,2019.00,124100.00,0.27000,0.25000,0.14000
OH,2019.00,86120.00,0.18000,0.15000,0.10000
OH,2019.00,111900.00,0.27000,0.24000,0.14000
OH,2019.00,77610.00,0.18000,0.18000,0.10000
OH,2019.00,92930.00,0.15000,0.17000,0.12000
OH,2019.00,72390.00,0.19000,0.17000,0.09000
OK,2019.00,111320.00,0.26000,0.16000,0.12000
OK,2019.00,134670.00,0.25000,0.18000,0.15000
OK,2019.00,109180.00,0.22000,0.17000,0.13000
OK,2019.00,110200.00,0.22000,0.15000,0.13000
OK,2019.00,118200.00,0.25000,0.17000,0.12000
OR,2019.00,80000.00,0.19000,0.19000,0.09000
OR,2019.00,105730.00,0.29000,0.22000,0.12000
OR,2019.00,94150.00,0.28000,0.22000,0.10000
OR,2019.00,115310.00,0.24000,0.23000,0.13000
OR,2019.00,91010.00,0.24000,0.21000,0.10000
PA,2019.00,49360.00,0.15000,0.15000,0.06000
PA,2019.00,121850.00,0.24000,0.25000,0.12000
PA,2019.00,111280.00,0.24000,0.20000,0.11000
PA,2019.00,52050.00,0.15000,0.15000,0.06000
PA,2019.00,72310.00,0.21000,0.18000,0.08000
PA,2019.00,58740.00,0.19000,0.20000,0.06000
PA,2019.00,67110.00,0.18000,0.20000,0.08000
PA,2019.00,84350.00,0.21000,0.20000,0.10000
PA,2019.00,66440.00,0.20000,0.20000,0.09000
PA,2019.00,65610.00,0.23000,0.20000,0.08000
PA,2019.00,62740.00,0.20000,0.20000,0.08000
PA,2019.00,80810.00,0.29000,0.21000,0.10000
PA,2019.00,71750.00,0.24000,0.19000,0.10000
PA,2019.00,81170.00,0.27000,0.17000,0.10000
PA,2019.00,76500.00,0.28000,0.19000,0.11000
PA,2019.00,82400.00,0.30000,0.23000,0.10000
PA,2019.00,61370.00,0.21000,0.14000,0.08000
PA,2019.00,87890.00,0.26000,0.18000,0.10000
RI,2019.00,54460.00,0.21000,0.20000,0.09000
RI,2019.00,46640.00,0.18000,0.17000,0.08000
SC,2019.00,65920.00,0.15000,0.12000,0.07000
SC,2019.00,69270.00,0.15000,0.14000,0.08000
SC,2019.00,84770.00,0.19000,0.15000,0.10000
SC,2019.00,73580.00,0.18000,0.13000,0.08000
SC,2019.00,73560.00,0.18000,0.11000,0.09000
SC,2019.00,97630.00,0.20000,0.17000,0.11000
SC,2019.00,90900.00,0.20000,0.16000,0.10000
SD,2019.00,91510.00,,0.12000,0.08000
TN,2019.00,117230.00,0.24000,0.26000,0.14000
TN,2019.00,96100.00,0.25000,0.22000,0.12000
TN,2019.00,114730.00,0.23000,0.22000,0.13000
TN,2019.00,103350.00,0.19000,0.22000,0.12000
TN,2019.00,89700.00,0.20000,0.21000,0.11000
TN,2019.00,102000.00,0.17000,0.21000,0.12000
TN,2019.00,94030.00,0.20000,0.20000,0.11000
TN,2019.00,81310.00,0.20000,0.21000,0.11000
TN,2019.00,106640.00,0.24000,0.23000,0.13000
TX,2019.00,122370.00,0.26000,0.18000,0.12000
TX,2019.00,103130.00,0.19000,0.15000,0.08000
TX,2019.00,109930.00,0.17000,0.13000,0.07000
TX,2019.00,117590.00,0.25000,0.16000,0.10000
TX,2019.00,108100.00,0.24000,0.17000,0.10000
TX,2019.00,102290.00,0.18000,0.14000,0.09000
TX,2019.00,104480.00,0.22000,0.16000,0.08000
TX,2019.00,114540.00,0.21000,0.15000,0.09000
TX,2019.00,128640.00,0.23000,0.17000,0.13000
TX,2019.00,110660.00,0.20000,0.14000,0.08000
TX,2019.00,104640.00,0.22000,0.16000,0.10000
TX,2019.00,106090.00,0.23000,0.15000,0.09000
TX,2019.00,104780.00,0.28000,0.17000,0.11000
TX,2019.00,102980.00,0.23000,0.16000,0.09000
TX,2019.00,125060.00,0.14000,0.21000,0.09000
TX,2019.00,115920.00,0.20000,0.19000,0.12000
TX,2019.00,125750.00,0.25000,0.17000,0.12000
TX,2019.00,134820.00,0.27000,0.18000,0.10000
TX,2019.00,109580.00,0.25000,0.19000,0.11000
TX,2019.00,127590.00,0.22000,0.19000,0.12000
TX,2019.00,111880.00,0.22000,0.15000,0.09000
TX,2019.00,87410.00,0.12000,0.13000,0.06000
TX,2019.00,100770.00,0.17000,0.19000,0.09000
TX,2019.00,105620.00,0.22000,0.14000,0.08000
TX,2019.00,108370.00,0.22000,0.15000,0.08000
TX,2019.00,97920.00,0.15000,0.13000,0.07000
TX,2019.00,114780.00,0.25000,0.18000,0.10000
TX,2019.00,120530.00,0.19000,0.20000,0.10000
TX,2019.00,125050.00,0.26000,0.18000,0.14000
TX,2019.00,126240.00,0.24000,0.17000,0.12000
TX,2019.00,126430.00,0.22000,0.15000,0.09000
TX,2019.00,99000.00,0.22000,0.15000,0.08000
TX,2019.00,120560.00,0.28000,0.17000,0.15000
TX,2019.00,115750.00,0.23000,0.21000,0.12000
TX,2019.00,136800.00,0.23000,0.19000,0.13000
TX,2019.00,116800.00,0.24000,0.15000,0.11000
UT,2019.00,79970.00,,0.18000,0.10000
UT,2019.00,93850.00,,0.18000,0.11000
UT,2019.00,91450.00,,0.17000,0.10000
UT,2019.00,90280.00,,0.16000,0.09000
VT,2019.00,68590.00,,,0.11000
VA,2019.00,62070.00,0.09000,0.11000,0.06000
VA,2019.00,67830.00,0.16000,0.15000,0.07000
VA,2019.00,92000.00,0.19000,0.16000,0.09000
VA,2019.00,81870.00,0.19000,0.16000,0.08000
VA,2019.00,81210.00,0.18000,0.16000,0.08000
VA,2019.00,82170.00,0.21000,0.17000,0.09000
VA,2019.00,66360.00,0.13000,0.15000,0.06000
VA,2019.00,67180.00,0.14000,0.13000,0.05000
VA,2019.00,106730.00,0.22000,0.20000,0.12000
VA,2019.00,40190.00,0.03000,0.11000,0.04000
VA,2019.00,52010.00,0.08000,0.11000,0.05000
WA,2019.00,59670.00,0.12000,0.16000,0.07000
WA,2019.00,79610.00,0.18000,0.18000,0.10000
WA,2019.00,84260.00,0.22000,0.19000,0.10000
WA,2019.00,85380.00,0.24000,0.20000,0.10000
WA,2019.00,101970.00,0.27000,0.20000,0.12000
WA,2019.00,78310.00,0.23000,0.19000,0.11000
WA,2019.00,82790.00,0.25000,0.17000,0.09000
WA,2019.00,63650.00,0.20000,0.18000,0.08000
WA,2019.00,70590.00,0.24000,0.17000,0.09000
WA,2019.00,83820.00,0.20000,0.18000,0.11000
WV,2019.00,76310.00,0.24000,,0.13000
WV,2019.00,72950.00,0.20000,,0.12000
WV,2019.00,92920.00,0.24000,,0.16000
WI,2019.00,62610.00,0.28000,0.20000,0.07000
WI,2019.00,65840.00,0.25000,0.21000,0.07000
WI,2019.00,70870.00,0.26000,0.23000,0.08000
WI,2019.00,89770.00,0.28000,0.23000,0.10000
WI,2019.00,54570.00,0.22000,0.20000,0.06000
WI,2019.00,59290.00,0.27000,0.20000,0.07000
WI,2019.00,64610.00,0.21000,0.22000,0.07000
WI,2019.00,62940.00,0.30000,0.20000,0.06000
WY,2019.00,67750.00,,0.14000,0.12000
